,Usernames
0,beverly63033
1,serenella8070
2,lian_aoruo_
3,walker.anderson61
4,htxmj7
5,jesse.20162
6,jrwtf62
7,doger7892
8,fazeuprodrigo
9,sawyerpro8
10,geejr_3
11,youngbuck9364
12,demitrius.arrieta
13,mj_robloxedits
14,stfu.52k
15,fortnitepro3588
16,godly_talk_with_tiara
17,eljojo07
18,uhs.cloud
19,natesimms92
20,nahgoingbroke19
21,demarcus.conners5
22,random.ahh.idiot
23,liamosvids
24,darcikellum
25,landonlivingston60
26,jakarrip4
27,ju_zhen_aimili
28,lilbreezy_drip
29,bread7111
30,dannikbqzr6
31,crazychurchkidz
32,lh1484650vo
33,liltjayontop5
34,beckham052015h
35,darrell.cooley0
36,luistocool1
37,malachiwebb6
38,hunter.richie3
39,sofisticado328
40,jerrell150
41,daltonsellers1
42,danielszalkucki
43,iluvsiga
44,user2403020235130
45,fortnite.goat110
46,saltybunny1
47,dominic.smith077
48,willameir8
49,mancub2u
50,idkbruv7
51,pleasegiftssanta5
52,patricia.saucedo273
53,thanos_fan261
54,user1165218775749
55,jjcarterlookthurll
56,mj23392
57,tj.w44
58,joemoe.9
59,ivan.zacarias96
60,nysdanvj12
61,princeuu59
62,babyfacekdot1
63,damian.rivas1
64,caleb.rodriguez569
65,cruzrodri3
66,unknowkid42
67,clear_massif9
68,eric.hill440
69,thegoatlebronjames8
70,luck.123454
71,donald.jones32
72,noahkayla4
73,grim_reaper186
74,ryker.glass
75,sonicand71
76,yaboybreezy4
77,the.baymax.junker
78,static.theatre
79,dr.nonsense6
80,giogio10264
81,duke.dennis241
82,anthony.lafferre
83,444.meraa
84,lildude.33
85,carterkinglovejoy
86,haidentrystan
87,nathaniel.rasaq
88,y.risking
89,zaidenfranklin0
90,angelsanchez9129
91,ilovemygf3774
92,jiomarjesus
93,rosariofn7
94,huddy4ady
95,juju38982
96,phantomsheby
97,isokobe0
98,kaleb.barber4
99,ltrain970
100,amir.fields7
101,andrew.bowen81
102,kellymarie431
103,brycemitchell51
104,princeton.evans4
105,jjklover64
106,davidphillips2120
107,_aaron_378
108,dbblamyn37a
109,juice.wrld.fan.9942
110,amias.delong
111,gunster1776
112,whatl84
113,benjamin.franklin79
114,lilnaty0
115,kingdom.471
116,bubba_121990
117,jonbon975
118,user72065231181741
119,toca_zia21
120,tdot23
121,adrianrivas254
122,anthony_alas011
123,mkirk84
124,rhystabobondung
125,larrylikethat
126,brooksbandz
127,tiktok.savage_67
128,babytt40
129,bennetheiderman
130,maddoxbatsonplscomment
131,cam66678
132,internetaddictedfr
133,bignaequan
134,soraaa.fps
135,user3142241198349
136,max.frisk1
137,hellcatsrt19
138,kylershmy8n
139,preston.garcia2
140,joseromero.de.jal
141,will.locklin0
142,dannatello06
143,team._soda2
144,gojofullboxxedyou
145,55_bestcenter
146,breezybre901
147,lilcj328
148,evandanko8
149,bigdog_97
150,randomcontentforyou6
151,kingtyree13
152,_882956
153,hawkedit21
154,rainsjxukyh
155,vic54338
156,jakereed98
157,haleigh_mia.4.life
158,djfdhihbk0d
159,roman.brito2
160,my_fav_team_is_dolphins
161,zack.spivey1
162,juicewrld1234574744dk
163,clivewilliams84
164,redred9566
165,user7456729333901
166,unknown.boy737448
167,chance.robertson39
168,nudiib
169,dorothyrayborn50
170,taji8857
171,dylan.brissette
172,shawn.wines
173,ontop_wrestling
174,bentley.smith652
175,chicken_chicken52
176,wasteff2
177,timmyjr200
178,thatguydj77
179,adriel.n91
180,user45837304338834
181,ayden90881
182,damian.cruz.azul5
183,emilyl899737
184,nathan.diaz.garci
185,davemilan67
186,kaidencruz0
187,realmadridfcarca
188,aj_godww
189,ill_tyler4
190,allyfrisinger
191,67skrilla05
192,nicholas.hairston
193,gucci.mane.in.20052
194,user1940484141541
195,spino_asset_87_2025
196,myfineshatys_0
197,king_of_the_dead6
198,kingvon7821
199,tytan.boudreaux
200,christopher.marti5411
201,makhicarter
202,idk1239190
203,mr.cookie1220
204,elliott.law4
205,dantejimenez31
206,malorxibt2d
207,jakai234
208,lilkyle518
209,bestclix2
210,dabs5732
211,moon_summerr
212,maxgarcia191
213,cdotty22
214,bryce.hall252
215,jthekid0
216,myah83939
217,abraham.ordonez47
218,jayce.jr3
219,dekuiscute
220,matthewkenn7
221,byafatdab420
222,david.hardy.iii
223,amanda.mathews7
224,trunksdragonballl04222
225,lul.uzzy803
226,yourbaddiekadence
227,braydencya7
228,zhyfx_67
229,nahidlosewuth69
230,adrielmarquez81
231,808boom6
232,cooper.gilreath1
233,ajme12380
234,hope.mathis0
235,xdemonstream37
236,xsetryker
237,herlinda2858
238,omarixxxtentacionfan9
239,qudingle03
240,nico.lucido1
241,iced6348
242,modder76866
243,23blockedbyjames6
244,hunterwech
245,zinqzzzzz
246,kensel.harris
247,xravier2016
248,natesedits_51934
249,williamhasriz
250,morgan.audette4
251,icerro1
252,domineka4
253,etx_jaiden125
254,user298952148
255,bot300004
256,urboymaddog
257,waylon.tom6
258,dylan.valdovinos9
259,graysonboyer1
260,user1853799059324
261,lolff2goated
262,hockeydino
263,blakecameron.grov
264,gabetotufff
265,apple.user4893661
266,ggb2881
267,kaylynn.pelong
268,kolton.simms3
269,albertogomez3095
270,o_negro
271,lucas.dodge5
272,tammysmith4859
273,jose.leyva803
274,jaguar.4001
275,austin.s0804
276,stevey9217
277,clanfullboxed_
278,broski0273
279,frank..kittle
280,gv9aiyshtlz
281,user3855231461848
282,elton.hood
283,belinda9428
284,joshua_usa666
285,oglcsgrq
286,layxmkufqxitm9
287,connornealey
288,kamdensmith8
289,5star_idk2
290,karak12.7
291,nicolasromero01
292,jayce7717
293,ima_slapmy_k_onur
294,yourlocal_uwugurl47
295,braxton.the.goat
296,cool.kid.is.back
297,kingsley_dabest67
298,aizawa263
299,chancecaswell32
300,lilygonzalez26
301,adrianlopez9896
302,jaysonwanamaker
303,brielle_7777
304,zay_goat4
305,stich16359747
306,itsbebe2015
307,rylanidzior
308,luckynluv36
309,jomaliel4
310,tasha.johnson210
311,skyler.kelly3
312,skyler1507s
313,yourfav_latina142
314,ggsketchy
315,deedeestaceynewto
316,chickenugget2025
317,footballisgod12
318,bradley.hernandez74
319,they.love.sy10
320,itsmemica805
321,drav_23
322,camden4552
323,maddythereal8
324,jarred.loe
325,dameongarza1
326,mar_ontopp
327,fozzy402
328,ilikemen250
329,wilbern.mcgoldric1
330,carsen.johnson6
331,joella.joabolkeri
332,armani.dersam
333,ronaldo._fan011
334,3rdstreetsaints7
335,userowtnv6u9kv
336,jonseytheboy
337,mempman
338,jajamorant015
339,jayce.butler6
340,johnnyclutts2
341,terrell.betts4
342,kevins2267
343,m.j.my.h
344,zay7615
345,heatherkoppman595
346,markleger4388
347,shelbquught
348,kassidy20172
349,follow_if.your.not.gay
350,imsleepy015
351,badkidalijah5
352,hunsas32
353,adryianwhitealdri3
354,silas.havlish
355,sincere.garcia2
356,janet.is.princesa
357,juan.pallares666
358,lexi02818
359,ooo123470
360,feb_luis12
361,williamsalazar7911
362,zachc676
363,user3515615505134
364,djz42215
365,aj.the.goat17
366,lilslayer035
367,coolboy8027
368,rylee.green09
369,demondslayer67889
370,justachillguy0131
371,yt_iamsolokjay2
372,brendapadilla404
373,conner.jay2
374,bridgettefranzen4
375,matthewtheultramonkey
376,jimbobmancity4
377,car_guy961
378,brayden.horner2
379,milesmorales88697
380,milan.servin7
381,kj01670
382,goldenbergsonbox1
383,bri97193
384,carlos71369
385,isaacdagoat94
386,rae.of_light
387,thatone_evadegirlfan
388,thecrazyworldofpikaboo
389,jay4non1
390,laytoncolunga
391,messiahtocool55
392,hsygajrh6ot
393,nathaniel.nathani53
394,shinyicetwitch5
395,shjshd807
396,nemo4314
397,owen.parker95
398,help.brushes
399,cvx956
400,user9662861492223
401,yyttclancallofduty2
402,mr_fatty77
403,spencerpennell21
404,.mr.beast____
405,emilianocorpas
406,jilliangordon60
407,joeysthebest1
408,evethebest15
409,gio81954
410,santheezy3
411,user9995933382780
412,ajay.panama
413,user9238183915054
414,mspinkpink24
415,mike.evans562
416,papa10886
417,theonly_kam6
418,mike51575
419,1tz_ar42
420,ezra.rodriguez3
421,king_carlos15
422,twizz058
423,jessica.lozano97
424,aidenking364
425,fatzz0041
426,hendrillo
427,jay462400
428,juliorojas793
429,kyle_roblox64
430,emo.kid.and.mexic
431,temu38283828
432,christhelramos
433,cuckoo465
434,lil.globglublab
435,andre.kierce
436,dylanm.bridger
437,nicklous33
438,fw_olive112
439,an_wwfs
440,liltimmy1_3
441,daxton5304
442,chasey5557
443,fullychop126
444,david..sui
445,joshdaboss7349
446,w.monkeys2
447,bentleyhollandwor
448,jewlz894
449,kullen.clement
450,idontcarebt_u..com
451,skibity.rat
452,user15055328145484
453,tythebest48
454,aka_lilbro200
455,andrewbigback12341
456,exerival
457,xanderf39
458,bc2infinity
459,janice.yeater5
460,dadday77
461,lqvelay
462,brobtiktok8
463,mirandatodd4
464,keydw0
465,nurshod75
466,bentley.crews
467,black_banana07250
468,juanelraperrito
469,lovefamily719
470,user3360997636342
471,tristian.chapel
472,hola_senorita_777
473,ffz_editz010
474,tyrone6034
475,exeswaay0
476,youkonemeeeeee
477,andrewdupont
478,achillguy24
479,calebding7
480,orangel2r2
481,leo.castaneda6
482,countrymax123
483,r3al_blades
484,fortnite_sigma779
485,wilven.mcbride4
486,railson.lazar.da
487,natenate4731
488,strawberi100
489,user3855716539810
490,miller4ktray
491,jayyyyfrm919
492,mike.haiman1234
493,asher.beeson12
494,jamaljackson6819
495,abigail.gilmore5
496,lexi.wexi240
497,cookie.bro1
498,brycendairyqueen
499,juliancadena88
500,makennxyjgz
501,extraextrafreakyb
502,kase2421
503,jessicacampbell6896
504,dat.boy.jr3
505,walkercharlie175g
506,alanitaykn5
507,battle.zero5
508,k4yand33
509,yn.money8
510,vechaykim
511,dadonn962
512,fortnitekid19628
513,imelda05124
514,mercezon5xu
515,youngcrippledred
516,qavin_vinslee
517,aiden193639277374
518,bubby5620
519,jeanvanroekel7
520,warren.borden
521,angel.varitto
522,veahveah_litty2
523,amani.mclin
524,renzogameover
525,jd10816
526,basim_getmoney971
527,duckyownsspankz
528,dayana.lopez615
529,.2real79
530,jeff.the.killer0079
531,laxnloaded
532,crashyyyy00
533,antonuos.reda
534,messiah09774
535,user4460503882518
536,acemonroe23
537,bentley.phillips60
538,babychiefdoit63
539,backroom120
540,datboyriley8
541,booboodafool84
542,that.one.boy70
543,elijahhernandez577
544,tim.g269
545,1gemini_queen
546,terin.delong
547,adrian.harrington1
548,alex.st.clair0
549,mm2withcozy
550,therealyuji2
551,kristintolman6
552,johnh62473
553,jackson13yb
554,ninox7502
555,jeric.guzman6
556,lajarvis.franklin
557,demkids47
558,alexa.botello
559,otx.ernie
560,aj39645
561,dalton3366
562,houston6317
563,a06866446gmail.co
564,fornitebattlepass6990
565,buddy7234
566,gabriel.ramirez0280
567,janiejarrell1
568,bentley.cox8
569,jay2016_
570,skibiditoilet9484748
571,catedits88
572,user59351588383611
573,onepieceonepiece71
574,clydethatsdb
575,maysontrala
576,ymz_iisuckz
577,valentinoalmin
578,jaharri.ausbie
579,king39474
580,bigcam072
581,alex.garcia7861
582,bot.1234567895
583,kitkat1234567910
584,kala.posey
585,erick_thegoat3
586,luke.wright62
587,macnemusevk
588,user9027811706093
589,_james_78
590,lordbloxfruits
591,tripout02
592,musti.mom
593,chloechang97
594,animemandysweeney
595,tyty.gose.to.plat
596,stephano.moise
597,user34204675786726
598,joseph.god.1234
599,jeremymccullough2
600,littletimmy310
601,user781801578
602,otetyrone
603,roblox_tips93
604,shamontawilson975
605,kyiii358
606,nelson_foul
607,cb56737
608,cowboyslovers.60
609,shyshy2263
610,yousef4200
611,dmancarrillo
612,diesel1878
613,kingvon_940
614,braxtonhunt0
615,crazybraden12444
616,yocaution
617,therealgeorgeberridge
618,jayi987
619,jayden.ruiz0927
620,gh0st5874
621,popthewheelie10161995
622,jairo.paredes50
623,monkeybananabred
624,matthew_benge20
625,22switch
626,dino_nugget121
627,gang.gang.gangste4
628,david.yang8731
629,julianreyes6164
630,jayden.torres501
631,no_luv_forkai
632,weston.dehn
633,bxgbanana
634,eddy_cool04
635,acehutch7
636,brya_143
637,thegoat_editz22
638,annelockard1
639,simmouohty6
640,camersxa18c
641,kelvis.lopez22
642,kaden.jones323
643,ilove.water584_097
644,marrk7409
645,red.thoughts775
646,sko.don
647,baller46806
648,markell6591
649,ripvanwinkle200
650,no.shoota
651,kingcray325
652,jeremiah.carrillo1
653,ilovebloxfruits91
654,jondale.freeman
655,fuzzynickwashere
656,joseargueta597
657,masonhulk1
658,www.notkameron
659,100kinnadabank
660,tiltedterror
661,heraker
662,yourboyspongebob3
663,ezekiel.watkins4
664,isaac.jumper
665,majesti.berry
666,jaydalizsantiago4
667,juuman_g
668,4everpaid.rj
669,daddy.chill3072
670,jaileenmontes710
671,lil_dj36
672,yo.boy.jace4
673,alexa_.jm
674,javierdavila104
675,beastcrew19
676,dylan.gonzales386
677,wealthy5836
678,ape5312
679,wolfhunter10110
680,wattersgamer
681,4ndr3wclix
682,projectzurgo34547
683,jacob.aiken3
684,greyson.north5
685,exavier.metz2
686,chandler.stewart3
687,carter.casson
688,jaxendagoat5
689,azarius.siegel
690,giggle.sher
691,trevorrowell
692,user734260220
693,yofavboy1111
694,liamtheman123
695,josiah_pagee
696,colt.mullins1
697,gladysjackson965
698,topogigo60
699,west.faith
700,emiliano0651
701,lanny4606
702,dudu7986_6
703,user6844616514450
704,reuben.fields
705,rasmaokw8hb
706,fanfloww_official
707,jyken1
708,anais96892
709,scpfcjqnmy3
710,wenchbuwl44
711,baemaximuss
712,ccc3202676
713,lina_9982
714,user11194838119993
715,jojosewa88
716,yedmi.damian7
717,theonlyone_cam
718,f.chase85
719,joeyfn42
720,lilkayjay12
721,annabellescoolerthanyou
722,loveg879
723,xoxoedit12
724,riverseeichangedit
725,tooke36
726,annettejalayer
727,.fanxn
728,jamichael68
729,appleuser86422479
730,user61817036321310
731,apple.user3492293
732,_.yulsss._
733,braxtonplaisance
734,gavin.marcoe6
735,jm69564
736,jaidyen.cole6
737,nathaliescanela
738,user345237779969
739,fiordan11
740,operez427
741,jaiden.young93
742,cowboys.fan44
743,jokerangeldaddy4
744,wolfie268
745,dayron.quionez0
746,karlosvr456
747,jaydev.rodriguez
748,user47333598785986
749,big_steppa256
750,sunset_lover0272
751,harleyboy36
752,monkiabridges
753,preston.scott93
754,kingslayer14798
755,chrisronaldo2478
756,austinwilson568
757,raul.jr69
758,fireguy6801
759,donte_is_sigma
760,user9681122399507
761,kingboi69
762,theycallmebae5hunnat
763,notgonnapostanymore09
764,diana940022
765,user246882969
766,carboyroman
767,rat.thick.skully
768,lightskingottii
769,juwel_wrld_999
770,noah.rivera66
771,hayde123a
772,dillon.park
773,johannrosaes
774,yungworld16
775,kiyah319
776,noobmaster31770000000000
777,caleb.wolfe30
778,kyle.berry87
779,kidrew0609
780,lafayeteisthegoat
781,user29588184440743
782,thegoatmygame_alt
783,sunny240_67
784,i.dont.miss55
785,thetrueshinobi1
786,malachi.davis19
787,dezf4
788,rubn1001
789,jayjayhambone
790,ian_grey0
791,bloodhoundaj51
792,tiktok_victoria_misses
793,bbee2482
794,that.guy5943
795,cjhoward61
796,user089137614
797,joshua.fernandez32
798,oliver_sigmaboy3dits
799,bigjakekash12
800,mizah625
801,ezequiel_goz
802,jeremiahconner5
803,c4ubxz
804,bash1205
805,takah420
806,the03888
807,therealdealadonisrp
808,jaxonwhitewinston4
809,annaballes7
810,www.tiktok.commateo.gam0
811,kadencekbug
812,jakesmit0
813,tiequilaholder331
814,dinoguru09
815,ulisesjayden1
816,eliana_lunar
817,ryker.dockins
818,santiago.rodrigue5884
819,khyboogz20112
820,jackatack87
821,lovegod736
822,1onepiecefan08
823,xzeezy6
824,ttalanfn
825,jesus.loves.you_971
826,user92294770519287
827,liam.soto94
828,anthonymorris56
829,dandyword60
830,kingjwtrhms
831,zaymoney62
832,travisthelegend201
833,rayne_imback
834,amber.ruiz94
835,darnell.shonuyi
836,teasihjxbtv
837,jovaniel944
838,ryan.munoz58
839,whyisliffeathing
840,casehoakaayden
841,amycudney
842,laywilliams88
843,myles2jxnky
844,negat1ve
845,willie.get.out
846,aj.adamo
847,faze_afg_sahil
848,daxton.thibodeaux
849,titovaldez56
850,jayce754
851,timmy17766
852,ironmouse65
853,eli_thebanger
854,jre119
855,edgar.escobar5812
856,silly..jt
857,heather.piatt6
858,yousefthegoat01
859,tiktok_jaymoney
860,taytaylilbrotherralph
861,janaysanders179
862,sasha.parfireva
863,k_dolla2
864,miguel.moreno6095
865,driamfnb1800
866,ryleysmith8
867,too_legendary1
868,donaldmiller904
869,jayajythompson
870,carteranderson112
871,animalcompany149
872,jamarr.chase226
873,eltroll1332
874,fortnitepro20912
875,raheim150
876,arianaceja29
877,manfaceplayz
878,damian.hernandez128
879,gordon_lovesgaming
880,sam912036
881,yanian09
882,sophiad859
883,fivelootwave
884,kevin.benitez368
885,zayari.preacher3
886,ray.need0
887,braxtoncarver25
888,sourpatchkid123
889,lui.g19
890,melaina.cavanagh
891,carterkimbrought
892,countykidfarmall
893,staceb186
894,user88824488
895,javarousishim
896,josiah.thompson41
897,mini_peterbot8
898,bromanwood6
899,user17059807591420
900,natalie_5050
901,skibidisigma1234747
902,jack.riveraortz
903,t0xic055
904,jaylendaniels62
905,kennybutlive
906,king_von_6.7
907,twintastic_2
908,marcustoluv
909,victor.perez051
910,antonia.mckinney
911,ronin86360
912,jasebyrd32
913,clix.xset.sumset
914,your.regular.ass.hole
915,braydan.mccoy
916,galixy.master
917,priscillasfun
918,cadarious.perkins1
919,idkyouuu84
920,brady.banker
921,misha1million12
922,jamie.arnce3
923,toodlesinthetrenches
924,aidenjason525
925,bowin.pryor
926,kole10994
927,doonie0724
928,edsonramirez71
929,sebastian.mercado00
930,kalebgupkik
931,derekloveslegos
932,kiwanbutcher
933,austin.lavorico
934,y2k_kaykay
935,iker7997
936,samuel.karanja747
937,user7472379008043
938,santiago.aranda86
939,camdenolivis
940,bubbabubbs15
941,tix00181
942,ticklemypickle383
943,eli.adkins30
944,thiagoguillen187
945,xxxtentacionfan714
946,yo_boy_aj8
947,thomas.locklear33
948,bentley3088
949,kironidugar
950,m2hxvinn
951,user8447297827579
952,smallz2404
953,huntergoatoffort
954,unrealinfortnite56
955,tationahymon
956,user011997213
957,patrickmahomes88
958,jey.uso753
959,lyal_090
960,mekk875
961,cynthiakazeck32
962,konbon61
963,zooeywhite28
964,mk.name.codm
965,gissrlleflores310
966,asmr_5794
967,arszelice.wolford
968,kolton.smith3
969,jonathanyamal8
970,tiko_fishy2
971,bbcking005
972,gavgav3624
973,jarius.guyton2
974,ianthebest642
975,twitchy._gamer199
976,sylastatro
977,james.fisher55
978,mauriloww
979,ysl.zack
980,bigbird9923
981,jerseyclubbb82
982,the.baddy58
983,sarah.the.fort.ni
984,zx.vz30
985,alyssalol89
986,its_reese86
987,fea4_less.1
988,snitchesgetstitch60
989,aaden.frierson
990,latisha.moffatt
991,brittany.simones
992,i.play.roblox0347
993,pls.let.me.go.vir
994,cecileemicheyl
995,jacobbbodenwelder
996,ronaldo.7kingg
997,joj123554
998,agentghost84
999,xoxo_king23
1000,0__bg
1001,yahir2442
1002,user768854320
1003,jackson.best.friend
1004,rt_0617
1005,brantleys364
1006,itsjs.jermainee
1007,benjittipp
1008,khazawhaza15
1009,ss98275
1010,jd14877
1011,metalmuncher34
1012,dan.roehrig
1013,axelhernndez9459
1014,omibae04
1015,gta_4.mixed.up
1016,myabrown53
1017,penny_222_cute
1018,kimberly.morris741
1019,user93040772379534
1020,littleballer42
1021,izzywiththeglizzy69
1022,angel.davila592
1023,pro123236
1024,johnx857
1025,zubzupgip_7
1026,jacob.olvera1
1027,theyfw_von72
1028,hora.cane2
1029,amongus123456
1030,kace8896
1031,hailey.severcool
1032,traevon.hurst
1033,animekid716
1034,user650137229
1035,branthuss7
1036,eli36808
1037,zoro_is_goat12377
1038,hudson.fox55000
1039,miahman125
1040,tripjr8
1041,richardreynolds192
1042,caleb.faust7
1043,josiah_536
1044,alda.dinali
1045,user8326561754586
1046,thekidthatcookz
1047,taygoofy11
1048,elijah.leadford
1049,fortnitemastergh
1050,ilyyyy166
1051,benjamintheog2474._
1052,brady.zeisloft.di
1053,zander.booker
1054,gmonyfz
1055,nate71064
1056,kenneth.hicks55
1057,ridden_instep24
1058,milesadenleemalon
1059,tiktokseptember.5
1060,liltjbjohn7
1061,rico67181
1062,maddie.holt5
1063,ziyon.pridgen
1064,ethan.beck
1065,sterling_jv41
1066,anthonypetrosky0
1067,wyatt.jones55
1068,brian.dibling
1069,kayce.sanders1
1070,icyboy1260
1071,gianthebaseballplayer
1072,adrian3.48
1073,majesti.stewart4
1074,abeast420
1075,kearatwppzu
1076,idontcare123.7
1077,user98872290710444
1078,mods.ban.that.guy2
1079,12_prods3
1080,lyric.hill35
1081,gagekitchen1
1082,el.carter35
1083,moniqueledbetter
1084,melo_8roblox
1085,rochester341
1086,cjay5534
1087,gta.51728
1088,the.goat.big.siah
1089,duket..terrell
1090,iminrvmgfn
1091,tommyapple550
1092,kyle.heath0
1093,osiristhegoat3
1094,whatsupdoggie0
1095,addy04364
1096,mason_vr7
1097,user6683156296179
1098,alexis_nspooky
1099,levi.haggard
1100,king_von.067
1101,jacksonkirkman
1102,blakeroberts61
1103,mfig15
1104,meercat480
1105,demaurionvr1
1106,nicholas.turner1
1107,im.a.monkey193
1108,fballking97
1109,mr.chickentender
1110,1900rugrat55
1111,wamisalmi
1112,the.highland.cow1
1113,asher_riley0
1114,colt45posey2
1115,poopmanbrennen
1116,babykk130
1117,micah.van.alstyne
1118,evilfreakybilly7
1119,tap2040
1120,user2407670020743
1121,voltexvr2
1122,apple.user5932475
1123,gtcoolkid123
1124,user3968703438439
1125,tayvonjones5
1126,savage2394
1127,anthony16393
1128,erison.soto.rives
1129,siahgamer5
1130,nathaniel.sinclai8
1131,jon.graham1
1132,j4arethebest
1133,remiwhiye
1134,humter.harpley
1135,luhgavin2
1136,midsouth11
1137,lazerdim7004
1138,kingvon4472
1139,just.your.g.it
1140,user7557715344846
1141,blxxst8
1142,tamara.jones185
1143,gael.vazquez.is.h
1144,kiddingvr
1145,u..s..a..0
1146,avocados172
1147,dylancastaneda80
1148,zion74446
1149,ghostuepa
1150,braelyn7142
1151,jasemeky52p
1152,spi_dey25
1153,they_drew18
1154,shannonsantos31
1155,asian_roddy_rich
1156,eduxue
1157,gamerqueenchaos_fortnite
1158,cash_him445
1159,pjfurlowtolitty
1160,mzblackmartin
1161,brain4408
1162,kaysynbreeding1
1163,gio58539
1164,gucci_vaults
1165,user338008221
1166,aj..inc25
1167,jriscooll2
1168,s.docttket
1169,marixa.medina8
1170,brax1643
1171,alexromanyuk2
1172,kaidenisthebest16
1173,isaiahmartin828
1174,leland9748
1175,groooo.on
1176,aiden.mullins58
1177,user508108445360
1178,elihoops2
1179,bigjayjay21
1180,shadow77871
1181,sgkw00
1182,mistylou30
1183,amani.lee5
1184,jaymoney192019
1185,not.wxnter_67
1186,jakeyishereee
1187,they_luv.me174
1188,jojoainteasy1
1189,rikkidior
1190,johncean41
1191,nidalwonder9
1192,colten.faulkner
1193,kaiden.tennyson
1194,mikecush82
1195,alex.edits.dkane
1196,john.wick2322
1197,moneyd61
1198,cameronlopez387
1199,followifyoulovegod44
1200,liquidnitro2
1201,28.jericho..thompson5
1202,levithompson81
1203,carlover3917
1204,wsg.lil.bro
1205,real.com663
1206,billy.idle1
1207,ragged_rounders4
1208,eli.flores375
1209,gmiracledickerson
1210,username29122000001
1211,ricardo.riano223
1212,angel.torres273
1213,arhamthegoat
1214,cooldinosaur2
1215,classic.caillou.m
1216,aydenblanding0
1217,maggot24
1218,williamdc1115
1219,adrian.mendoza1028
1220,kkdiditonbro
1221,jakobi.is.the.bes
1222,ill.be.making.mon
1223,yenni.rivas7
1224,chinmoney81
1225,preston6758
1226,savvy9552
1227,ra.meek2
1228,bigchuggus48
1229,nfghthrgedhhdfh
1230,lil.peanut522
1231,sbob4823
1232,gerardojr817
1233,pickledill118
1234,footballgod338
1235,robloxoffical51
1236,atl_stepin
1237,suck.my.balls2
1238,magdalenaelias6
1239,oak_1456
1240,carter.george7
1241,soelperez79
1242,aderzon08
1243,stitchloverrrr_fo
1244,artieperez.7
1245,swag24_19
1246,jerome.golden6
1247,jared_higgens999
1248,ianplaysfortniteyt
1249,antwonj5
1250,jamesbrown720
1251,ryk122mx
1252,caydot8
1253,landonjaw
1254,devontae_theone
1255,colton4644
1256,aratttthhhhhhhhhh
1257,markisthegoat1
1258,melindajohnson4022
1259,lilspooky906
1260,juicex6079
1261,thwiennatown
1262,gerardo.salinas757
1263,user608204465
1264,deshaunwatson1
1265,lor_supa_
1266,michael_zarate1
1267,rar3_raye_braidz
1268,bentleypuente7
1269,aydenalbert
1270,jeremy.1759
1271,imstackzjamonte
1272,aaronalford31
1273,yosamarion.wyd
1274,bjaxx2121
1275,.ilovegod3
1276,welknownkiller_0
1277,jace.diaz.world
1278,yuji0195
1279,rizzy3205
1280,samnoble695
1281,tttpigfan23
1282,turu3851
1283,ninohenderson5
1284,zaniyasykes
1285,loki45025
1286,dudebetripping
1287,dewayne_67
1288,jonathanlazaro91
1289,taydonply
1290,caeland.jones
1291,hannah_lilbro
1292,pro_athlete8
1293,paipaice4
1294,juiceworldmarj
1295,landonlewis55
1296,declan.mcmurdo
1297,yourdad12330
1298,beckhem5
1299,chloe29176
1300,tabletboy2500
1301,noah.maynard
1302,alexisgomez.7
1303,alex.cezario7
1304,og1000000q35
1305,triplejscentss
1306,galacticookie1
1307,jayden9.0
1308,chettgreen1
1309,2x_dradydn
1310,antonio.newton1
1311,dandys300
1312,idkbuddy42
1313,ghostfaceseaslug29
1314,gwenstout.12
1315,debbie.adamson
1316,riah_delulu.foryou
1317,jaycewheeler5
1318,jordanvolk2
1319,chance_sadboy4
1320,hayzell.guzman
1321,nathaniel.burnett01
1322,raul.najera50
1323,masonselby6
1324,brookspamm6
1325,kingterry44
1326,i177.k
1327,d_theman17
1328,mommaofsix2013
1329,lambokid35
1330,ivanm1557
1331,yoboimari23
1332,auda5907
1333,eli.leonard8
1334,messi10gaotcr7.ga
1335,elmo215_
1336,jamil15967
1337,acegocrazy68
1338,jrnxtdoor2
1339,im.in.elite.lobb
1340,cesocheese
1341,cred6893
1342,perezaejudz
1343,prince2sturdy
1344,panthersfanforlife
1345,noahking691
1346,alexn8569
1347,markeitharchie
1348,kevin.martimez8
1349,julian_playsfortnite678
1350,tammymarteny
1351,matteoromerovalen
1352,qwidtraverhunt
1353,jp_the_best_frfr_0
1354,hammo728
1355,babyviigvp8
1356,gtmaison
1357,alexhess843
1358,jayden5534
1359,yamiel.torres53
1360,happy.because2
1361,jedwin.matos
1362,sulfur809
1363,korbankzs
1364,jackson902476
1365,ted9904
1366,michael123456789067
1367,jordan.powell160
1368,luccaboy425
1369,realblack_trump
1370,hilaryvanhaaften8
1371,lukehoobs7
1372,noahgonzalez1342
1373,user5413223077134
1374,zekeleon20
1375,juking81
1376,caleb57292
1377,julianslade2
1378,dj.whoo
1379,aaroniloveyou6530
1380,jaydencorpus
1381,tocabocaandotherappsvlog
1382,daedae5124
1383,rob.haney02
1384,gomezich38i
1385,land0n_999
1386,kai.2exclusive
1387,garrett.stockwell
1388,the.fortnite.playe0
1389,darellguillen2
1390,francisdixon81
1391,best_controller_player4
1392,camden5179
1393,255spongeboblover69.liam
1394,curryn.baker
1395,jj.wins.those9l
1396,deydnt_knwabtkari
1397,paytonthegoat5
1398,user_carter10
1399,damienpedro10
1400,jaxonandrade76
1401,user63363339835271
1402,joseph.mills38
1403,zaydenwalker22
1404,kryee_22
1405,aiden20258
1406,imhim0951
1407,chromedbyfn
1408,yourbestielelani_1
1409,like_lord_peep
1410,zion98860
1411,dani.marlie
1412,elvis_993
1413,braedyn1990
1414,laurencarusodaugh
1415,user3933810760163
1416,juju_34457
1417,princetotrimmmm18
1418,ofr560
1419,electricboy41
1420,apple.user25944918
1421,i_have_a_wife6
1422,adrirdz20
1423,kidwithuke13
1424,i.luv_jenesaa
1425,yvng.jay8
1426,simbajl_2
1427,82u1zryrwqp
1428,suongnguyen2707
1429,user2139966977583
1430,s1ezvwcr
1431,b50..44
1432,oualilowe
1433,xxxentsean
1434,gadielfernandez59
1435,caydenthewarrior
1436,bentley.r64
1437,anthonylongo40
1438,user13450442
1439,123wbcdd
1440,fortnite20onthatblock14
1441,ericktrejo5632
1442,josephlaskasr
1443,firefighter197
1444,lamontecook61
1445,walkingdead_lover1
1446,zesty_ahhh_boi
1447,spamaccsophie5
1448,controllermrlust67
1449,antoinettemurray87
1450,hayhayhunter6
1451,user1433414514736
1452,xen_quecas16
1453,maxin.duff
1454,john.aguilar48
1455,bigdog.keith89
1456,swoozy62
1457,tyreek.hill566
1458,beccaboo9092
1459,67cflame
1460,jeje45043
1461,meghanmorris1
1462,sophiesaleh4
1463,trinity.fann
1464,1591md1
1465,coyasoandaaron1234
1466,goku86601
1467,emanuelflor11
1468,speed701
1469,dianabarrios061
1470,1kbabyhot
1471,coltonmills0
1472,jcgamxwnl29
1473,takirlawlcs
1474,kaded31
1475,danny.b456
1476,fortnitekid2425
1477,2025aaronn
1478,soccerislife000
1479,noah.lamotta
1480,bo16252
1481,atmariaojr
1482,michail362
1483,blizzard.blizzard06
1484,thechipmunks68
1485,isaacsigmaboy1234
1486,xzen112
1487,seren0084
1488,elianna753
1489,jumpingwoodchuck
1490,bsbshkez5oh
1491,gabe2k15
1492,jojotheking78
1493,braddd67
1494,hope.hartley2
1495,q261233
1496,dyson.harper
1497,michaeljoines6
1498,5ivestar_mya2
1499,jana_ho3sluv1
1500,isaiah.turner11
1501,ivan23930
1502,morgansfairhatwork
1503,isa.mye6078
1504,callen.clapp
1505,d_avery2
1506,secre4_studio
1507,xsetpeterbot7
1508,jogginjoe
1509,cheeseman.vr2
1510,user20909530472762
1511,caycencook
1512,raiden.king47
1513,kaistone59
1514,cr7isbetter_geo
1515,queen.b3108
1516,carlos.reyes5880
1517,sasa_thegamer0212
1518,gg22490
1519,nickeh071
1520,shannon.robinson13
1521,og.king.coleman
1522,kalebwilliams47
1523,juanito.lopez745
1524,jayjay.penelope
1525,kingston.haggard
1526,lexi_lovesjay123
1527,kade.driver3
1528,rexlovesgaming
1529,lucas.burton7
1530,a999a9990
1531,ttvkohen
1532,mr_rob8
1533,this_j5
1534,peypey6720
1535,xprokiller13x
1536,jrparr01
1537,antwone.chiz
1538,soldiermoore
1539,the651576
1540,domsasuke77
1541,.davidgonzalez0
1542,tiktokkenjii1
1543,jr60610
1544,edgartena97
1545,kaden6347
1546,daddys_little_gir
1547,traniyahmoore
1548,user0039031632
1549,jeffbradberry2
1550,4ktray104
1551,maritzadelvalle639
1552,daiyah192
1553,laurenwebb68
1554,ethann0416
1555,rakai_edits14
1556,jimmydoesfilters_
1557,king.von5135
1558,kan82990
1559,pennstate09
1560,j4y_dont_c4re
1561,smileey000
1562,matthewmedeiros24
1563,bachiraandnagiismylife
1564,kg20162
1565,drippyluke69
1566,buddaboo96
1567,reset1276489
1568,kolrumf
1569,halimcdonald
1570,j.usgg
1571,lilaqua80
1572,damienbrumfield4
1573,kash.money408
1574,ipissonorphans6
1575,i.love.stich.maso
1576,johnny1fan0
1577,bacongoodman4plays9
1578,showmeyotittas
1579,jaxsonrhoads1
1580,ny.sebas
1581,anthonyper5
1582,drewski9286
1583,thelegendtanos4
1584,kmls_q50wlil50
1585,carloxyuo9v
1586,garzaxtmz6n
1587,robloxstuff671
1588,gatortail06
1589,forcepstrial
1590,usecodecilx
1591,lilpeepdagoat_9
1592,tribal.chief82
1593,x3yyzedits
1594,colt45weavzzz
1595,user056824988
1596,big.peyton1
1597,jayce4212
1598,nithegent
1599,huggy.wuggy884
1600,jaxin.2462.gulp
1601,eric.couch123
1602,abdulhaleem.naeem
1603,passwordkn
1604,bballkd24
1605,zayzayhummy0
1606,jordan.call7
1607,.mr.vega
1608,eimi.marquez1
1609,user4050451
1610,goofygoober5217
1611,fullyglocklil50
1612,the_odd_table
1613,deanwinchesterlovesblair
1614,ajesh.deonarayan
1615,anthony.bestic
1616,dont.like.footbal
1617,isaih_last_stand
1618,dory6958
1619,adan.cruzvara
1620,theblueranger1
1621,cringe.account24
1622,sleepyheadki
1623,thebestgurl32
1624,zizzleisherern
1625,lucas.motolinia
1626,hector.galicia918
1627,vviral_10
1628,damionmann2
1629,coby2funny18
1630,robs_tuff
1631,mr.frosty36
1632,kingkenny249
1633,messi.boi2
1634,quincy.guillaume5
1635,gojoedits018
1636,terreprkuqm
1637,hello_62576
1638,jman4967
1639,ogx257
1640,hyperboii_8
1641,allgirlsarenotthesame7
1642,brandon.perreira3
1643,hamzahwilliams2
1644,robert.bronson8
1645,mersadiesorr
1646,kgtheboy1
1647,user309826933
1648,hispanichegehog
1649,graceslayy17
1650,is..that0
1651,mhadekufan123
1652,ubaldoquiroz7
1653,xsetaiden4
1654,oshain6
1655,purplishous
1656,jesus_is_first6
1657,messi_123095
1658,wyattytl0
1659,bray.to.slick
1660,elizabeth.harmon89
1661,annd822
1662,ynr.c
1663,prettiestchole
1664,laserfouse
1665,jacobleach5
1666,owen.chappell6
1667,cjmk1127
1668,appleuser33398244
1669,theyfwstevenmadden
1670,jaydenjohnson553
1671,damond.johnson234
1672,chineseredbonehea
1673,siasigamskibity
1674,cashgg18
1675,braylanthomas0
1676,javiersoto897
1677,emoryfender
1678,r.j9761
1679,khaden.bolin
1680,alex.mitchell613
1681,treywickh7e
1682,pineapplegtvr1
1683,christian.lewis050
1684,you.know.im.him0
1685,marcustogreen305
1686,user65305003973366
1687,exportedmule90
1688,kadman377
1689,ttvsweataim
1690,damian.narvaez61
1691,zachandaudrey
1692,gordoamp5
1693,nottilot3
1694,fitbobolink5584
1695,jasentheking4
1696,scoobydoobydoo2009
1697,esmenavarrete
1698,weefsnumber1fan
1699,vxoutlaw
1700,santixkkwlg
1701,hannahwaites46
1702,mike85811
1703,rylan.carroll3
1704,jinx0.5
1705,gogleappoui12667
1706,braxton.conrad15
1707,mxrk._.17
1708,jd489703
1709,eli.obregon.obmas
1710,ddlionelmesi1
1711,user56133512773810
1712,liljordan585
1713,iriss_lynn
1714,therealtimmy464
1715,rileysaunders123
1716,jayceetrata
1717,user68791187007055
1718,johhny6969
1719,michael.allen245
1720,babydrqco1700
1721,apeso663
1722,tj.whitfeild
1723,xset_mrsavage1
1724,brennabrooke1
1725,nickey115
1726,gerrethengeveld
1727,karter.pate1
1728,troyday04
1729,jeremiah.gibbs6
1730,urfav_j08
1731,karkar67_7
1732,user87600293487838
1733,just2chill_fr
1734,footballking741
1735,raiseyouryayayaa7
1736,lil.steve869
1737,michaelneal2063
1738,alex.alex3346
1739,r3sins
1740,acenotit
1741,toxicc.502
1742,lukeoregon1212
1743,frankieblues16
1744,sk3l3t0nz_r0ck
1745,mydance_girls0
1746,this_sucksbrofrfr
1747,orionn_is..thebest
1748,kaliph.king
1749,jase5394
1750,gojo84678
1751,rinorjaha8
1752,miggywiggy08
1753,khalil.williams319
1754,colten_barnett67sigmabo4
1755,jaydentorres7
1756,josiahcason
1757,joshua_thang2
1758,kayson_45
1759,kakegurui_simper
1760,liljay967
1761,adrianbullock
1762,void719.200pump
1763,chase.rhoades7
1764,jc426163
1765,daniel.urizar78
1766,xxzenrio
1767,uriellovesbfdi
1768,john.sexton44
1769,terminator3566
1770,cameronouten13
1771,viviankeyser24
1772,iamenough0001
1773,jaycion_c3
1774,heluvsmads_29
1775,princessbunny581
1776,bunnyvr111
1777,nahom7014
1778,epicisexmongrel2
1779,thyluvmadss
1780,not_yadiel14
1781,pokefun222
1782,axel.lopez6151
1783,klakaboi5
1784,arcadious.vasquez
1785,osmar.romero912
1786,kobebryant627
1787,lolxolos
1788,bradyharness
1789,kale.isbetter4
1790,averyplatt6
1791,evanvr_2
1792,nrg.joe
1793,zekethegoat36
1794,spyninja202
1795,wweofficialaccount1
1796,mya.alston8
1797,cynthiadodd20
1798,jaziya.torres
1799,shothalf58
1800,r.thomas456
1801,jadyn.brown047
1802,rykernml54e
1803,zane3099
1804,david.foster187
1805,cesargonzalez4359
1806,edwin.reyes421
1807,jj732227
1808,caydentheking00
1809,mason.jonas92
1810,damian.fontanez6
1811,emilebar1
1812,only_niyez
1813,frosty_xm
1814,shithead.502
1815,ur.girl4771
1816,user53266066
1817,jaice.is.him
1818,hoffjfabbg1
1819,poope540
1820,kay53583
1821,user2012910206207
1822,noluckycharms4u
1823,user861492349717
1824,jj.saths
1825,chrisfulkerson131
1826,dekotawallace7
1827,lawrencebadawi
1828,putgodfirst487
1829,kings.dreamn
1830,jacoby08080
1831,uwuo41
1832,cataveon2
1833,maxy3912
1834,userttgxy3qgac
1835,swracer_439
1836,user2460055170778
1837,exactlyyo6
1838,xoxo_z12
1839,turtles6608
1840,noah.aar
1841,satoru_gojo_himgojo
1842,zaydaking5
1843,heysgeg
1844,the.fortniterizzl
1845,xxxtentacion.fan541
1846,baylorj7
1847,korbin.elliott
1848,romeo.gary3
1849,matthewc740
1850,judahcarlson07
1851,raczor_vr
1852,julian.rodriguez157
1853,kyky31811
1854,ryleighspates
1855,gmoney.white
1856,jayc_jr217
1857,minecartkid
1858,denissnyrit
1859,williampleitez
1860,travis.williams309
1861,aidan_31_31
1862,aden_67.god
1863,deniel.munoz602
1864,madelynn.long
1865,clix.is.the.beat.67
1866,jaredgoffdie16
1867,jerimiah.lovett0
1868,smokewitdjj
1869,ezrajm6
1870,sharkboythegoat
1871,brendan1216
1872,josh.b875
1873,msgvr8
1874,dk77210
1875,ezekiel5013
1876,banker2285
1877,jorlin.velzquez
1878,that.girl9381
1879,caiden.henson2
1880,briannacomstock6
1881,cd_64
1882,kayla.skiles
1883,jdotflock1
1884,cindy.lou277
1885,artenapqo
1886,tyreek.fan
1887,jeremiah.nolin
1888,stella_zz
1889,wanzih0
1890,mm_id
1891,jonhydang1
1892,edgar.camarillo02
1893,iluvarlecchino235
1894,mj_is_cool_69
1895,nancy.campbell76
1896,knight5159
1897,cherishdempster
1898,twitch.fortnitecilx
1899,nicholas.fleuter
1900,keythep2018
1901,nbayoungboystrashkingvo1
1902,daniel.stephens67
1903,lizardmuch
1904,levi.jones96
1905,user496333125
1906,liamperez383
1907,isaiahjones490
1908,corvin.russell
1909,yourwelcome286
1910,dhwj1414
1911,atlas.morton.123
1912,himm_ithy
1913,userwprd4v2r2g
1914,charlie05224
1915,kaleb.jackson71
1916,hunter534_._.646
1917,sigmalol1210
1918,lilybrown701
1919,prince.reyes09
1920,dj01724
1921,tracys.scar.king
1922,user6815410697825
1923,daniella.1631
1924,jose.a.nicacio25
1925,bella156i
1926,tiffanylynn992
1927,footballko2u8
1928,easton.allen4
1929,swizzy.is.him
1930,basketballperson05
1931,chriscashjr18
1932,anthony.your.mexican
1933,the.goat.carsen
1934,appleuser4933335
1935,roluctantfox
1936,trentonepps7
1937,chriss4095
1938,jackplaysvr3
1939,jamoisthebest6
1940,yungking033
1941,ttvreidcarvoo3
1942,professortheory1
1943,ethanneemann786
1944,roberts_homemade
1945,masethebase3
1946,mark.arana46
1947,trey_t_time3
1948,ahmetmuhtarkoray
1949,jay_tewtuff1234
1950,spencer_sh_meeeeee
1951,bob646525
1952,nomoregtag
1953,bella.gonzalez12
1954,jentobias3
1955,apple.user5573277
1956,def.leopard1337
1957,coco66103
1958,greyson.jenkins2
1959,ezekiel12909
1960,steven.agilarrayes0
1961,kela_begay
1962,jolly.hucky
1963,lovetowatchanime12354
1964,please.leave.me.a797
1965,noski_17
1966,braxtonvangundy
1967,hdhdujjcjfjdk
1968,hayesmoore7
1969,bruuuton
1970,jaxiel.your.boy
1971,bobwill7
1972,goku14943
1973,landonrausch2
1974,yaboytheeditman
1975,baby.jay770
1976,tanyamckinley
1977,soccer_editz_fc
1978,kaiden_system
1979,ivanconejo4
1980,thiaggo999
1981,coolboy29713
1982,kaiden.johnson72
1983,footballbeast1
1984,user551352536
1985,kelsiusrey20
1986,victor.rullan.men
1987,swezyfn009
1988,doubleheiix7
1989,jesus.aguilar8706
1990,floorntmdgc
1991,brailyn.bj
1992,lixxeyfn
1993,nickie.upton
1994,3am.mellow
1995,kylemckee25
1996,ctytfabf5jd
1997,rykeristhe1
1998,adrielsoccerboxing13
1999,user6950934413414
2000,leviroyalboyz_25
2001,buckhunter3240
2002,callieisawsoome
2003,deymel.terrero
2004,trevorhillen
2005,marcques.giles
2006,loritojr0
2007,eli113295
2008,quis700
2009,dallas.elijah
2010,aidenbenavides08
2011,ohiostatechamps7
2012,user41945026033511
2013,unknow.n876
2014,j2fr3sh.fu
2015,juangollas5
2016,hurnjayan0r
2017,billyamandarileys
2018,monkey_thekidd
2019,kolton.stidham0
2020,yoitsjaxon5
2021,rykerjensen20
2022,collin8015
2023,dustin.clark15
2024,gagie.beam
2025,colin_vids11
2026,braxton.joesph
2027,liviery5
2028,ericaalexander44
2029,deeboogie74
2030,user1135205852548
2031,kaden3505
2032,koco7042
2033,thiago.aguilar697
2034,moonkeyboilovesbanana
2035,zacharyduncan91
2036,francisco.jr.bonf
2037,333izzyyourmom
2038,tudimelayaquesita
2039,e.bowman30
2040,blake.vowels
2041,keekeemilesdog
2042,amir.covington0
2043,tim53193
2044,freckbobfarter27
2045,zahirrrrr51
2046,daniel.ayala003
2047,melodyc2331
2048,bounty7157
2049,jose.g2o15
2050,jonathan.villegas612
2051,adriancarr834
2052,marrjay4
2053,caneri.speaks
2054,jerimih_rl
2055,hanker.boy4
2056,brandonpaust
2057,dfgcdf5
2058,supersigma2176
2059,xavier.paine
2060,textyouricky
2061,joe.ward377
2062,til_santa_1
2063,christan12347
2064,asaiahburnett
2065,fortnitememe41
2066,john_sec157
2067,atti.the.man
2068,rogergoatfcmobile
2069,topvr11
2070,bhope40
2071,astalover19
2072,quintinbrown150
2073,cute.girl.tyonna
2074,lashellestevenso6
2075,anakin.larsen
2076,gojoismineandmineonly08
2077,kortnierenee47
2078,chickenjockey24
2079,mezzy.mu
2080,lil__green0
2081,lildrip46
2082,gage11football
2083,billcipher858
2084,jp2payton
2085,letgo172l37
2086,dustin11440
2087,truckerswife_1975
2088,blake20137
2089,enikowilson6
2090,ajbrown512
2091,wyatt.grubbs26
2092,yourboijune.paers
2093,qxtdavon
2094,jthebull15
2095,hayli.lopez
2096,c4sh.money.green
2097,zionthegoat63
2098,maybe.tanner
2099,huntergrafton1
2100,king.james.clayto
2101,br4yan.jr
2102,crackedfortnite37
2103,fornite4125127991callme
2104,gppookbohd8
2105,dareonhead1
2106,darionr10024
2107,shhliahk1
2108,jay.r5910
2109,maxlu72
2110,49gamer
2111,carson.bolyard
2112,alineplaybyge0
2113,josh.iskowitz
2114,ezequielcamero7
2115,chaseplayz9802
2116,chris3102k
2117,5chase8
2118,jakea294
2119,jujusamurai22
2120,yale4127
2121,user4155062736123
2122,4amzox
2123,kris33340
2124,deathstroke4892
2125,ariel_28742
2126,jaxon.johnson90
2127,jvsmineeeeee_
2128,peashooter742
2129,enoch201466666
2130,angel.hernandez7861
2131,khalilscarter
2132,jax19803
2133,kkkk36546
2134,bab133338
2135,mr.berrytaylor
2136,brycemiccolis
2137,basball105
2138,xpandamanx0
2139,timm14x
2140,user824830985
2141,thegoat8933.7
2142,jaysonjuarezruiz
2143,xptyty2300
2144,pancakes_spoder_dude
2145,juicy1501
2146,smallhakari
2147,geronimo.contrera06
2148,juju_him30
2149,masonandefran
2150,tyshun.richardson
2151,manuellachapeljr
2152,mini.stud2
2153,thegoat804.6
2154,dawson.harris3
2155,king.tillis
2156,andres.carrillo572
2157,josh.arthur.t.o
2158,alexfoor6
2159,toxic_nack
2160,your_fav_boy12346
2161,fortnite_man4567
2162,hunterxix1023
2163,chellebeegoing
2164,rizzler_k
2165,emma.rod066
2166,hector.avelino0
2167,henry.thomas59
2168,joey.boy65
2169,kakarot2526
2170,martixjc5nv
2171,queenjayla183
2172,bryce.graves79
2173,sksweatyfn08
2174,tevita.tukufuka
2175,grill.tag.proeli
2176,fnkxnzajay_on60fps
2177,christian992384
2178,ellyanisse.mirand1
2179,case287
2180,chrisfoster358
2181,gino.digiovanni1
2182,nae_littledemon
2183,connor20115555y44
2184,beau.brinkman
2185,the.calzer.crew
2186,user7252887223166
2187,david.russell731
2188,timothytrapp0
2189,estebanarana91
2190,adammaldonado5
2191,kaosclanofficial
2192,me.evan4
2193,ryanplaysfortnite133
2194,tristan.graham7
2195,amari6459
2196,user6352818363724
2197,konnorwheeler6
2198,fortnite_goated10
2199,elijah.clark05
2200,lucasalvarez064
2201,lilazaxr6cf
2202,bridgehat
2203,kiera0128
2204,roman.gresbach2
2205,jajay487
2206,jacob78253
2207,whatthatwordboy
2208,santiago.posadas6
2209,cheetah.prodz1
2210,daniel.garcia0552
2211,bogboss134
2212,nflrushzonefangirl
2213,katysellers
2214,erickguardado41
2215,zacharyclark981
2216,spirerman6
2217,hottoalhv5i
2218,omgitsnikefinesse97
2219,boyvr42
2220,ericcoles225
2221,nathan.knight6509
2222,juicewrl9992019
2223,nathandillashaw
2224,rauldaloc88
2225,ellatrevino55
2226,dogggo48
2227,animelordandgod
2228,knucklescj
2229,graivtyfalls00
2230,uhhidk700
2231,mommarose760
2232,goofydude39
2233,anir.miller
2234,trullyurs13
2235,therealfrog70
2236,dejj_555
2237,ryder.alsup
2238,kylarzackary2012
2239,limerance275
2240,tiktoklogie
2241,malachi.love.bask
2242,greenaped
2243,purplecat12329
2244,ant_noug12
2245,aliceplayer.002sq
2246,_nobody_likes_me_3
2247,team.mina.7
2248,dlue05
2249,rj.smith373
2250,joel_2slowwww
2251,rickydoporto1
2252,fartblaster031
2253,your_boy_babyj
2254,kevin.zay3
2255,tigervr45
2256,skib_liam
2257,zachariah.conaway
2258,invincible.a259
2259,alexis_nouto
2260,.._yuririch088
2261,they_luv_kenann
2262,youngboyskyler123
2263,quanettefreeman
2264,tomysalty
2265,king.at.roblox0
2266,itzurgirllily05
2267,fort_user_ttsavage3758
2268,hairtiqueby_ki
2269,then_and_now470
2270,carter.r.isn.er14
2271,.alisameow
2272,queenrayanajanea2025
2273,donnamcclanahan61
2274,user7969675584734
2275,jakob.clayton7
2276,hellothere082
2277,donka730
2278,travis.johnson399
2279,brillyhi
2280,im.only.5.bro
2281,michellepalencia40
2282,tylerishim26
2283,katiekatt2134
2284,donnieboy282
2285,bennn4114
2286,801.damian0
2287,elijahhh.e0
2288,lucas1hg
2289,chilldude375
2290,rob.osuna654
2291,they_luv_donald2
2292,carlucas58
2293,b_man799
2294,markell.blackmon
2295,isaiahthe_liveing.1
2296,eduardo.panduro5
2297,pamcake098
2298,thatgreenmonke_
2299,nooby261
2300,mondale.jones1
2301,zillauso2
2302,thyluvmadsss
2303,kizl_z
2304,.i.am.enough
2305,mremofurryfurbal
2306,lukkas.sparks
2307,trididdy4
2308,i.know.you.want.m1
2309,crxy24
2310,user6884968191787
2311,samatarfarah38
2312,keekee7063
2313,ericreyna58
2314,jayrollie247
2315,hugo.garrett6
2316,fortnite.ps5.aust
2317,ownedbuyclipz1
2318,jeremiah.guelke
2319,goozy_hernandez
2320,elizabeth.ann8759
2321,tjoseslwj08
2322,ben941522
2323,aleyzaquintos
2324,tj66033
2325,trey.gowan
2326,dusty4534
2327,xavi.rosas3
2328,caleb15556
2329,flackotony1
2330,raymaaan
2331,carleigh_jenae
2332,dabis0w11
2333,ethan.vazquez78
2334,lukebetts10
2335,stupidvr8
2336,amerria_otb1
2337,greyson.sidwell
2338,iker1_01
2339,romeobeast11
2340,graysonclayton6
2341,smaxcker_
2342,matthew.rios95
2343,mandiasbury5
2344,jalen517
2345,momma_red_420
2346,angel.delgado325
2347,floriz.animates
2348,kailahudson2
2349,tabone47
2350,carsandfootballforlife
2351,jorgemontoya1736
2352,clix945
2353,juicewrldedits6
2354,alminbetwell
2355,fornitekid123422
2356,user2305305306873
2357,cameron.bratcher6
2358,lilgofficial5
2359,applesaucekush1
2360,rat1clll
2361,jace.mitchell54
2362,tj06865
2363,madd12216
2364,bentleylewis32
2365,harleygoodson
2366,fabianrodriguez1238
2367,youtubtopclipfn
2368,monique.hopkins3
2369,reeeeekid325
2370,shunda31
2371,editor1787
2372,cash49201
2373,oliver.miller47
2374,claude.naissem
2375,noobeplayz1
2376,jakethevrstar
2377,sigmasigmaboy4629
2378,jayoo17.o
2379,zen2.good
2380,giovanniandmama
2381,raymond_the_bestfr
2382,warzon.reaper
2383,rlcskrxt1
2384,twiz2y_edit
2385,tawaynebroadus
2386,22.is.bettr
2387,treasure.bright88
2388,1thanos25
2389,jeffrey._.22
2390,twoxwesley
2391,masoncorbin37
2392,dan02873
2393,rohan.lopez5
2394,user4267414968138
2395,parkergtag10
2396,jimbob1794
2397,ash87341
2398,greyboi82
2399,clari.sharina
2400,rosie_latam
2401,gg601369
2402,kadenenno
2403,g3m_you
2404,football.drip.king7
2405,tristanc0lso2
2406,marco.salazar4522
2407,user553005202
2408,kaynen.walker
2409,dirtking111
2410,lisaloomis501
2411,hunterbreese93
2412,amydeskins2
2413,whit3oppz
2414,kai7c0
2415,pr3tty_little_swe
2416,calvinforchrist
2417,artemis35441
2418,stegen.baker
2419,thomas.abel1
2420,jsr4925
2421,moonlightkdhsk2
2422,caysen48
2423,arrow.lemasters
2424,j753595
2425,tatum.dicee
2426,ajtoolit05
2427,ayden.burdette
2428,fortnite_sweatgamer2
2429,treyballplayer0
2430,oatis35
2431,jameslove6915
2432,quinten.henson
2433,puddie52
2434,ames139
2435,user7307905411818
2436,angelica.robertso
2437,inosuke_hasibia1
2438,nathanthegoat154
2439,gagepopp
2440,anthonyah5
2441,fernandoduarte763
2442,joe_loss
2443,honer833
2444,logicalxxx
2445,adriona_and_ray
2446,aember_2004
2447,dylanklenz93
2448,noah.hatcher8
2449,thatboykj73
2450,camdetody8n
2451,monkey.man7677
2452,pro1234_23
2453,colin16284
2454,jaden.wallace
2455,skeletonings25
2456,ethan_clips10
2457,punkinhead08191
2458,kj84235
2459,mushroom.vr06
2460,sammie1957
2461,beckett.metevier
2462,ethan_2cooll
2463,kylerisk7kr
2464,why_cant_i_just_leave
2465,flip_dover
2466,novagrace987
2467,user3607473211711
2468,brysonserrano0
2469,appleuser67657497
2470,drilly.2k0
2471,aaron90297
2472,ryry21344
2473,jacobfernandezs
2474,parker.d.d
2475,tj_savage162
2476,the.six.seven.6767
2477,fe4rless418
2478,2am_elijah
2479,pickle.get.bag
2480,juice.wrld999.fore
2481,kb910
2482,aouadfan22
2483,sigma.goat.vr
2484,liamehrhorn
2485,alex.alex.irvine
2486,kingbtfh9p0
2487,charles.blumenaue
2488,bigbopboy0
2489,aaronberry76
2490,mr_sport23sz
2491,gerardo.angela.lu
2492,mir52980
2493,benfnfncs_igl
2494,your_boy_chandler
2495,prophecy_29
2496,hfghlrecsppy7ds
2497,chris.devitt8
2498,emokid_130
2499,alli57582
2500,janvi.111i
2501,d1.mark97
2502,theboys_710
2503,whatstf0
2504,user782813692337
2505,kantrel.hines
2506,lastcwomwwm
2507,julian.aguilar405
2508,tatum.sumner
2509,qball12345
2510,noahfr467
2511,charles.moss30
2512,get_good774
2513,cjfrmoygzs
2514,hayesthecountryki
2515,userow3hlajogk
2516,sonicandshadow0904
2517,stitch.fan3597
2518,vincent.isaac07
2519,liam.knudsen55
2520,dillijflht4
2521,bellow204
2522,anthonygiunta
2523,kj.exe7
2524,azzy3240
2525,hi036988
2526,unano20163
2527,s.tier.ape
2528,blakeregister
2529,kanelfan0
2530,linxgzzzz
2531,user1735709837652
2532,user10563517233477
2533,xmanpoupou435
2534,christian.arambul3
2535,leania58
2536,gordo0402
2537,fortnitefreak111
2538,yt.im.bag.of.dori
2539,.mors_mutual_insurance0
2540,sammysan4211
2541,z.o.e.y.92
2542,zainx8665
2543,rick02665
2544,dirty.dec69
2545,declan.schulze7
2546,michael_ellison
2547,yourrgayyyyyyyy
2548,diego.saenz44
2549,jettwarren_124
2550,tayvion.phillips
2551,king_jacoby19
2552,cj09108
2553,icecold7518
2554,bronx868
2555,austinthebest43
2556,jerison.erazo
2557,noshadelokey
2558,capcut_master351
2559,remi03276
2560,coolranchbo2
2561,milanchill
2562,roninkimble
2563,mdotfr3sh21
2564,jaxhwarrior1
2565,yk_me_its_aleida
2566,benji.sweet
2567,karenmatteson14
2568,armanixmentokong
2569,jaseo447
2570,projectmarco_admin
2571,lliljaquis8
2572,frostzgt8
2573,hiramalverez112511
2574,bentleyfowler66
2575,sneaker_head2429
2576,matthew.morales43
2577,blugreentxkid
2578,kjmann98
2579,brayden.kurbaba
2580,easton1579
2581,adanorozco_999
2582,codysager3
2583,tristankrol7
2584,mrtakabihh
2585,emory_fot.nite_09
2586,user7055498109331
2587,dirtbag362
2588,jaxxon840
2589,xxdogxxyt
2590,rjdismukes19
2591,jaydendboi
2592,eli03051
2593,jdog.big.boy
2594,zaidyn.thames
2595,jiraiya22
2596,i_be_backin_1month
2597,lyletoshistyforyo
2598,roman.nelson31
2599,christinakushmed5
2600,leonardozuniga19
2601,redneckthore02
2602,bluey2537
2603,shaylah1091
2604,hi1230644
2605,keivn93
2606,abisai3050
2607,adr1n_3
2608,brantley.gertz
2609,antonio.cowla
2610,yanueleddy
2611,jamal.asian
2612,alessandrochincha5
2613,jacob.bellard3
2614,yyykmakenna4
2615,trey.clay85
2616,jelani.wilcher
2617,olivernaranjo8
2618,user8277426905408
2619,sunnyes79
2620,lopezboys213la
2621,briannamylesfanofc
2622,i_luv_hannah3
2623,genesisrocha88
2624,indrakharel2020
2625,lilhomijay
2626,yuji_sukuna31
2627,romaldo.lopez5
2628,619_.javy
2629,user9832116246354
2630,rangerdogmanslonglostcuz
2631,tony.arellano00
2632,fortnite.edits2451
2633,trip.jenkins
2634,fatty_baddy1
2635,val711735
2636,slim_shady036
2637,.kyle036
2638,ablock2016
2639,tarry.barkley2
2640,meme24707
2641,uza7688
2642,jj5059603
2643,hi667559
2644,u_hate_people
2645,twin.sanders
2646,quintonmcmahon8
2647,coolguy1xx
2648,jaquan02
2649,im_the_king44
2650,laneluvstiktok_jk
2651,nick.bang4
2652,rupert.offi
2653,spoiledann
2654,trey7634
2655,8dlyricssua
2656,jameertofly2
2657,4k._.witkaeden
2658,arijan62
2659,dumpster.shark4
2660,gio9288
2661,jaceholder58
2662,user5066371486576
2663,bigsteppa591
2664,uriel.gomez749
2665,user465044679369
2666,felipa.hernandez95
2667,danieccadod
2668,appleuser34662777
2669,logan.butler05
2670,walkdownyn67
2671,baby_noob8
2672,evan_3556
2673,_i_dont_.wanna_.be_.here
2674,braxtonpippett3isthebest
2675,200iq942
2676,deondrae442
2677,braxtonv93
2678,alex.surace6
2679,jaxtonbecker5
2680,keltolovesdiddy
2681,ngabatman11
2682,1lildaeyon0
2683,brodog541
2684,thegoato6lil.bro.tired
2685,jilliangrace901
2686,urboyrobert43
2687,maplethesilly
2688,batman_tezio
2689,michael_liar
2690,lvanna93
2691,mrseeyou1ater
2692,isaac1234530
2693,bi54128
2694,jose.ortiel.ocho
2695,karina.morrow
2696,mike.g5044
2697,bryanhenderson22
2698,jay267139
2699,maylon.lee
2700,al3x_edits
2701,theyluuvme18
2702,that.one.crakedkid.b234
2703,randy.vasquez24
2704,dino.bro835
2705,edgarcolindres26
2706,pooh28571
2707,henking743
2708,deeznuts1645
2709,p..diddy2.0
2710,deshawnplant7
2711,frankie1246
2712,karsen_13_ball_is_life
2713,jonah269
2714,trevionmathurin
2715,pc2tough
2716,noah34487
2717,i.love.herrrrrrrrrrrrrrr
2718,rusty.pedersen
2719,johnnytheshortkid8
2720,jamestolit4
2721,bob.coo0
2722,jairuskidwell2
2723,cookies60508
2724,lisa.pantone8
2725,vforviolet5815
2726,rafael.paz001
2727,whatisthat12345427
2728,cozify1xthegoat
2729,isaiah.moore11
2730,eli.lewis19
2731,sketching_with_toga
2732,keekee69670
2733,ethan896g1
2734,_user831k
2735,joshyyyyboyyyy1
2736,clarissa.macias
2737,clown0677
2738,ollianna.normi
2739,deborahwise176
2740,the_besttiktoker64
2741,xadrian5175
2742,arsamisw1000
2743,thetexaspickertickler
2744,clay_fc
2745,spicypanda361
2746,shaded_joe4
2747,ksihh40
2748,thomas.the.king5
2749,carterbug10
2750,loinking600
2751,mason.lackington
2752,ebkcorb
2753,khiyon.eberhardt
2754,sharileveille
2755,rylandfincher
2756,matthew.is.cool.l
2757,happydude396
2758,s_way2thutl
2759,stinkylyons
2760,emi36332
2761,iplayfortnite22
2762,blazer935
2763,user374033405559
2764,brynn_latam
2765,freetayk91
2766,brayden.deere
2767,user694568452
2768,googiddy12
2769,liam.kagle1
2770,zakary9197
2771,user769415286
2772,zfamouszonex
2773,rookiejtt
2774,jace6231
2775,linn64239
2776,jensy7793
2777,shaquille2292
2778,brytinaaa
2779,user746595769684
2780,cam2edittss
2781,seanminner1
2782,user5469266347
2783,damoni_2
2784,brantley.wyant
2785,dachihcp6wc
2786,momo.yayurozu_a1t
2787,anthony.barcenas4
2788,makai881
2789,user5305166879067
2790,aikiflores
2791,otay146
2792,zigg2210
2793,lordmb62
2794,nelsonfoster2
2795,mauro.darosa
2796,izack.prado
2797,jr822470
2798,k_2good4u
2799,justshutdown0
2800,stxram23
2801,davidlinsinbigle9
2802,.demondtime_chris
2803,rxnny.elite
2804,elvi.ths3
2805,1000.follows6
2806,basketballssn
2807,bjayshaun
2808,wowlol212
2809,tfw_jj8805
2810,victoriac690
2811,dgoat_at_baseball
2812,fortniteclipz672
2813,fncs_clix67
2814,carlosaviles6778
2815,ronnie45.holmes
2816,colton.keith73
2817,hehe.ashten
2818,liams_permtiktok1
2819,elnightmarebsh
2820,mander389
2821,lordmb01
2822,darkfireknight2
2823,user8372686120722
2824,isaiahcharles5913
2825,kasen780
2826,ttv.whyyouthysohard
2827,soloprodigy2
2828,jeffy14322
2829,john_pork_67_
2830,yellow.bone258
2831,rain.smallwood
2832,kadyn0022
2833,theyoungredneck
2834,fw.king743
2835,collinjackson3
2836,patrickmorris516
2837,gannoncrazy2
2838,daejon.davis8
2839,jay.edits939
2840,kylo.disbrowe
2841,jeffreypowell054
2842,tjtocool4
2843,okarunken40
2844,honda_110_viper
2845,easter3448
2846,xxogamer546
2847,declandavis09
2848,jessiibabby_
2849,aamir.roberts8
2850,avrious.ave
2851,adofhiltler
2852,kailee.douglass
2853,brieebabiix0x0
2854,matthew._57
2855,sigmabloodthanos
2856,lovingstitch3323
2857,willaleonard
2858,coltin.connor1
2859,lil.mama3347
2860,nuke.clan23
2861,mason.woods013
2862,maroodhmdgp
2863,aj571730
2864,granger.is.sigma
2865,yoy_boy_jordan123
2866,wesluke0000
2867,nle_y2k7
2868,jaylin.farrow
2869,oliverishim5
2870,vantraxia27
2871,scizzy05
2872,joshisthegoat04
2873,kuronondatazz
2874,eli059628
2875,kavangish
2876,moneybag_bunda456
2877,levi_jordan7
2878,ni91_a
2879,its.natee10
2880,bryson.gibson3
2881,thatoneshortguy777
2882,hi.girlll0
2883,jessiceberg
2884,ryelinrichardson1
2885,icthegr2
2886,49ersaregoated67
2887,user6082732200297
2888,kingchase66
2889,jay_got57444
2890,tj460468
2891,elijah10838473
2892,hunterwilson630
2893,haleybaker35
2894,kywilliam0
2895,corin.mayes
2896,appleuser23787715
2897,tiktokshock3k
2898,pleaseunmuteme0
2899,kalab.769
2900,josh83382
2901,popcat1738713
2902,letard2
2903,mite1257
2904,cammp124
2905,dominiclawrence2
2906,edwin_kill5
2907,no_b.t.ches
2908,maskvr34
2909,_josiah1113
2910,dstinson65
2911,d3marini.1
2912,ozias.rijos4
2913,aminatedmonkey.123_bana0
2914,victorr.guzman37
2915,anonymaos360glock
2916,boomsn0pe15
2917,vffh598
2918,lilcuzzo33
2919,sinceregates1
2920,maria.de.jess.bra7
2921,mj_lightjjkedits
2922,brianharney2
2923,mason.mosher
2924,itjustisaac1
2925,virahhdevplays
2926,jeremy.williams282
2927,tythefishingkid
2928,eli57_1
2929,that.one.person.k1
2930,bossalira
2931,ariansegoviagamer
2932,maximum.player456
2933,futurestar901
2934,peptobismol_3
2935,user70094653344995
2936,cheesy.fr_1
2937,seneca.secret.aco
2938,cj.wins
2939,gab3tosmoove
2940,erenyager416
2941,wupyoungblood8
2942,user3092118104988
2943,elite.clan903
2944,yoboywes4
2945,kaydensmith190
2946,the.fortnite.clan0
2947,666.maddie_
2948,apple.user2382947
2949,cappyb05
2950,agoldefre15
2951,leannadaniellern
2952,adranzo5
2953,gage333
2954,aaronthomas540
2955,notslightofficialpage
2956,sigmsbonesmaster
2957,braxtonmiskin8
2958,raison12346
2959,ethanmadon522
2960,bailey1234502
2961,st4rfn193
2962,funnykid1363
2963,tiktokandmore5
2964,aidensbackuprn
2965,noahthegoat0709
2966,brysenhim
2967,kinghaha2013
2968,marcello.abeyta
2969,myerivjxixq
2970,dreagenbrockman
2971,user9956730721801
2972,the.goaaaat4
2973,zekeyo8
2974,preston_adams77
2975,user3052250970157
2976,cayden.michael2
2977,eliwithastick
2978,caden4752
2979,amstrongbright3
2980,carlos88888xiiii
2981,theowhosnot86yearsold
2982,popserect_98
2983,wweholmes727
2984,mx3513
2985,john.marston1379
2986,felix.wade2
2987,rhettfromoklahoma
2988,tyrell3858
2989,eaglesforlife42
2990,hunter.cornett3
2991,usenm71
2992,dtoslipery
2993,tarit1x_clone
2994,angelcuchillas
2995,ryder5555
2996,mateozaragoza78
2997,coalton.workman4
2998,isaacwjeanadolphe
2999,connor120710
3000,jevon.romero3
3001,gage.gross6
3002,reedlane0
3003,perppyandjack
3004,mateopena54
3005,exotic.15
3006,jilksfr
3007,donnovyn.pruitt
3008,angel.ramirez1622
3009,javegodatfortnite
3010,.bacon.bacon
3011,fallonbailey9
3012,trey80117
3013,malachiwhitehead5
3014,user2682211816736
3015,jaxon.romero88
3016,christopher_..17
3017,myles.edwards0
3018,jaydo284
3019,jamihendrickson
3020,drippingbluud30
3021,inspace176
3022,elana9728
3023,whazzupp8
3024,notafnonpoint
3025,cool.man493
3026,zeke.cole2
3027,toby.brittain
3028,cr7240044
3029,the_si60
3030,fireguys29
3031,916_kaden29
3032,taylinharper3
3033,username5671683
3034,bellaisabigback3
3035,pdot41
3036,ja08676
3037,junior1645chillguy
3038,ricky02417
3039,familysaccount24
3040,noah2fine17
3041,luvdacoke_
3042,jirehsolis8
3043,aj989824
3044,hannahwatmough
3045,blickzmovment
3046,gangstadyl8754
3047,katherine.swindal
3048,fwm_elijah22
3049,nates3691
3050,trenton.paul5
3051,yougotssnipped_fn
3052,misty.best6000
3053,karsonherrmann
3054,nolovxx0
3055,adrianbaseball2
3056,mokoaistheogpimpatcodbru
3057,kerolos.ghaly0
3058,djbuffenmyer
3059,noahkolojay
3060,devinhayesrules
3061,xfire524
3062,041raceingbuddes
3063,jt.webb2
3064,bent02194
3065,celly0029
3066,tj04954
3067,user7641629464805
3068,hailstormkanaley
3069,aidenmillan0844
3070,user561548665461
3071,k745942
3072,tobisaucillo2
3073,watson.farms7
3074,aj237593
3075,oykeugene0
3076,idonttouchgrassfnkid0
3077,fbrifter1
3078,coreygotbandzfr
3079,dylan.cabrera074
3080,d_san32
3081,raiderbandnumberonetrum1
3082,imthegoat3586
3083,angel.nmr
3084,thomas.debose1
3085,gre_.c0
3086,imjusthim69420
3087,davy_frm4
3088,just.0iq
3089,cj81854
3090,user193862033
3091,exantusstlouis
3092,shanecubero4
3093,ewok955
3094,tiktok.cliffy
3095,raiders_on_top15
3096,damnfrosty
3097,user4579088639754
3098,tman.five
3099,benjaminalizadeh
3100,bro_the_best4
3101,chalumfx43z
3102,stergios15
3103,duncan.edwards00
3104,darealxerox
3105,k1pty1
3106,slfxture
3107,tyler_meyers303
3108,5starrskdot
3109,bryson_back_up
3110,madhatter123244
3111,dunitzzaydyn2
3112,rielynn.hollins
3113,jmarrion
3114,deydnt_fwme4
3115,jack.mac57
3116,hazleersanchez
3117,stephanyfrazier68
3118,mc_ceamy_alt
3119,refrigerator.00
3120,soccarow
3121,davionpaulin
3122,toxic_rl2
3123,jamalrayford
3124,presley5423
3125,davidbalint00
3126,valanzasca_17.16
3127,sixfire_virusofficial
3128,matthew_poos
3129,gavin_dial
3130,emmalowe0729
3131,shayecrawfordd
3132,agustinshypr
3133,seba_8070
3134,jadenthedogeater
3135,braydenjackson3
3136,dampestgang1
3137,ttv.imbackrun1
3138,erlinrosales6
3139,trevordouglas3
3140,qsrrgunnr
3141,gambling__________addict
3142,s_niper_onyt
3143,lex.wylde6
3144,crimson304
3145,daniel_2476444._
3146,carlitos144
3147,fully_draco0
3148,watsonethan5
3149,rexhepi
3150,mchandler_010
3151,pvnkswung
3152,abq_dxm
3153,r9haircut2
3154,.bracks4
3155,noahvr546
3156,mitts_slams
3157,snyder522
3158,xltdrip
3159,eastanseymour
3160,ohhhhhhhhhhhhhnooo
3161,coltonv_14
3162,duclinggg
3163,chiefsaidso
3164,thierrynseboko
3165,.e_w_o_k
3166,fbeletronicsimports2025
